Category,Number_of_Views,Viewer_Rate,Movie_Count,Views_per_Movie
Action/Sci-Fi,10153083,4.209210526315789,30,338436.1
Comedy,10086721,4.265591397849462,30,336224.0333333333
Romance,8695769,4.253846153846154,29,299854.1034482759
Drama/Thriller,6491262,4.132894736842106,29,223836.62068965516
Horror,4121037,4.287931034482758,27,152631.0
Documentary,2741159,4.1921875,26,105429.19230769231
