Language,Number_of_Views,Viewer_Rate,Movie_Count
Hindi,7687151,4.113235294117647,29
Chinese,5147470,4.246938775510204,25
Tamil,5112800,4.218333333333333,29
Sinhala,4489706,4.177083333333333,27
Malayalam,4155943,4.23125,23
English,4153299,4.214893617021277,25
Pakistani,3523809,4.3769230769230765,24
Taiwanese,3447447,4.276923076923077,26
French,1362407,4.24,12
Spanish,1194595,4.346153846153846,11
Japanese,1090443,4.16,10
Korean,923961,4.188888888888889,9
